Model,Accuracy,AUC,Precision,Recall,F1,MCC
Decision Tree,1.0,1.0,1.0,1.0,1.0,1.0
Logistic Regression,0.9,0.9814075962785203,0.9007703081232493,0.9,0.8998955067920585,0.8668400011337051
Random Forest,0.9,0.9812962962962962,0.908304005362829,0.9,0.8993600217864923,0.8693310882758626
Naive Bayes (Gaussian),0.5666666666666667,0.8863075272654077,0.7009032634032634,0.5666666666666667,0.5416089002995293,0.45170910264093206
KNN,0.6,0.7897129453175649,0.5800083542188806,0.6,0.5761737045915545,0.47385795603008635
